grupo,experimento,f1_macro,bal_acc,recall_fake,recall_true,n_val,obs,quando,acerto_Agência Brasil,acerto_Boatos.org,acerto_E-farsas,acerto_G1
E3 base,modelo_final (só Fake.br),79.92748330550918,78.80123168400934,66.4259927797834,91.17647058823528,855,,2026-10-01 15:44,100.0,70.78189300411523,35.294117647058826,90.6764168190128
E3 base,modelo_candidato (Fake.br + FR 2020-21),82.94328142338816,83.00532147452313,77.25631768953069,88.75432525951558,855,,2026-10-01 15:44,96.7741935483871,81.06995884773663,50.0,88.29981718464352
E4 dados,fb,79.92748330550918,78.80123168400934,66.4259927797834,91.17647058823528,855,n_treino=7198,2026-10-01 15:44,100.0,70.78189300411523,35.294117647058826,90.6764168190128
E4 dados,fb + fr2021,82.1768593189964,82.29828988295253,76.53429602888086,88.06228373702422,855,n_treino=15200,2026-10-01 15:45,96.7741935483871,80.65843621399176,47.05882352941176,87.56855575868373
E4 dados,fb + frall,70.21416333523702,73.3467202978027,78.70036101083032,67.99307958477509,855,n_treino=46658,2026-10-01 15:45,96.7741935483871,83.9506172839506,41.17647058823529,66.36197440585009
E4 dados,fr2021,75.10683963885934,77.33345408666759,79.06137184115524,75.60553633217994,855,n_treino=8002,2026-10-01 15:45,90.32258064516128,81.89300411522635,58.82352941176471,74.77148080438756
E4 dados,frall,69.22821873087126,72.76366906924163,79.78339350180505,65.7439446366782,855,n_treino=39460,2026-10-01 15:45,93.5483870967742,82.3045267489712,61.76470588235294,64.16819012797075
E4 dados,ext,88.34287717658059,86.99955029792761,77.9783393501805,96.02076124567472,855,n_treino=1994,2026-10-01 15:45,100.0,81.89300411522635,50.0,95.79524680073126
E4 dados,fb + ext,87.63537392858593,86.28502367181743,76.89530685920577,95.67474048442908,855,n_treino=9192,2026-10-01 15:45,100.0,82.3045267489712,38.23529411764706,95.42961608775136
E4 dados,fr2021 + ext,90.46950240770468,89.71462655990406,83.75451263537906,95.67474048442908,855,n_treino=9996,2026-10-01 15:45,96.7741935483871,87.24279835390946,58.82352941176471,95.61243144424132
E4 dados,frall + ext,89.59013580971144,89.10909022772412,83.75451263537906,94.4636678200692,855,n_treino=41454,2026-10-01 15:46,96.7741935483871,86.83127572016461,61.76470588235294,94.3327239488117
E4 dados,fb + fr2021 + ext,89.73587792857612,88.81209948409179,81.94945848375451,95.67474048442908,855,n_treino=17194,2026-10-01 15:46,100.0,86.41975308641975,50.0,95.42961608775136
E4 dados,fb + frall + ext,89.0856172689789,88.28557330768366,81.58844765342961,94.98269896193771,855,n_treino=48652,2026-10-01 15:46,96.7741935483871,87.24279835390946,41.17647058823529,94.88117001828154
E4 dados,fb + fr2021 + ext (ext x3),89.8621365943701,88.8986046744032,81.94945848375451,95.8477508650519,855,n_treino=21182,2026-10-01 15:46,96.7741935483871,86.41975308641975,50.0,95.79524680073126
E4 dados,fb + fr2021 + ext (ext x5),88.9147481628622,88.01106766767018,80.86642599277978,95.15570934256056,855,n_treino=25170,2026-10-01 15:46,96.7741935483871,85.18518518518519,50.0,95.06398537477148
E4 dados,fb + frall + ext (ext x3),89.92490254528778,89.1806053489563,83.03249097472924,95.32871972318338,855,n_treino=52640,2026-10-01 15:47,96.7741935483871,86.83127572016461,55.88235294117647,95.24680073126144
E4 dados,fb + frall + ext (ext x5),89.35847683725443,88.55258391315753,81.94945848375451,95.15570934256056,855,n_treino=56628,2026-10-01 15:47,96.7741935483871,86.83127572016461,47.05882352941176,95.06398537477148
E4 dados,frall + ext (ext x3),90.69011063926486,90.27113287447068,85.5595667870036,94.98269896193771,855,n_treino=45442,2026-10-01 15:48,96.7741935483871,87.24279835390946,73.52941176470588,94.88117001828154
E4 dados,frall + ext (ext x5),90.09130006143822,89.4551109889698,83.75451263537906,95.15570934256056,855,n_treino=49430,2026-10-01 15:48,96.7741935483871,86.41975308641975,64.70588235294117,95.06398537477148
E8 números,só tamanho (controle),49.66117080791235,54.69314079422383,9.386281588447654,100.0,855,dados=fr2021+ext,2026-10-05 13:58,100.0,6.172839506172839,32.35294117647059,100.0
E8 números,só números: contagem,69.15553134430856,71.41019074862905,72.92418772563177,69.8961937716263,855,dados=fr2021+ext,2026-10-05 13:58,54.83870967741935,71.60493827160494,82.35294117647058,70.74954296160878
E8 números,só números: pct,68.8711635618334,71.04917991830413,72.20216606498195,69.8961937716263,855,dados=fr2021+ext,2026-10-05 13:58,54.83870967741935,71.19341563786008,79.41176470588235,70.74954296160878
E8 números,só números: pct_suave,68.8711635618334,71.04917991830413,72.20216606498195,69.8961937716263,855,dados=fr2021+ext,2026-10-05 13:58,54.83870967741935,71.19341563786008,79.41176470588235,70.74954296160878
E8 números,só números: categorias,69.45101872813336,72.45168825653006,77.25631768953069,67.64705882352942,855,dados=fr2021+ext,2026-10-05 13:59,48.38709677419355,76.95473251028807,79.41176470588235,68.73857404021938
E8 números,TF-IDF [base],90.46950240770468,89.71462655990406,83.75451263537906,95.67474048442908,855,dados=fr2021+ext,2026-10-05 13:59,96.7741935483871,87.24279835390946,58.82352941176471,95.61243144424132
E8 números,TF-IDF + pct_suave (peso 1),90.46950240770468,89.71462655990406,83.75451263537906,95.67474048442908,855,dados=fr2021+ext,2026-10-05 13:59,96.7741935483871,87.24279835390946,58.82352941176471,95.61243144424132
E8 números,TF-IDF + categorias (peso 0.3),90.48888860637187,89.80862678475509,84.11552346570397,95.50173010380622,855,dados=fr2021+ext,2026-10-05 13:59,96.7741935483871,87.24279835390946,61.76470588235294,95.42961608775136
E8 números,TF-IDF + categorias (peso 1),90.48888860637187,89.80862678475509,84.11552346570397,95.50173010380622,855,dados=fr2021+ext,2026-10-05 14:01,96.7741935483871,87.24279835390946,61.76470588235294,95.42961608775136
E8 números,TF-IDF dígitos mascarados,90.70354972817395,89.79363671567586,83.39350180505414,96.19377162629758,855,dados=fr2021+ext,2026-10-05 14:01,100.0,85.59670781893004,67.64705882352942,95.97806215722122
E8 números (fontes),só números: categorias | sem E-farsas/Agência Brasil no treino,67.17852011494253,67.69244105409153,83.92857142857143,51.45631067961165,215,dados=fr2021+ext; valida só em E-farsas e Agência Brasil,2026-10-05 14:03,51.45631067961165,,83.92857142857143,
E8 números (fontes),TF-IDF [base] | sem E-farsas/Agência Brasil no treino,80.05037115588547,81.21099167822469,63.39285714285714,99.02912621359224,215,dados=fr2021+ext; valida só em E-farsas e Agência Brasil,2026-10-05 14:03,99.02912621359224,,63.39285714285714,
E8 números (fontes),TF-IDF + categorias (peso 0.3) | sem E-farsas/Agência Brasil no treino,80.05037115588547,81.21099167822469,63.39285714285714,99.02912621359224,215,dados=fr2021+ext; valida só em E-farsas e Agência Brasil,2026-10-05 14:04,99.02912621359224,,63.39285714285714,
E8 números (fontes),TF-IDF + categorias (peso 1) | sem E-farsas/Agência Brasil no treino,80.05037115588547,81.21099167822469,63.39285714285714,99.02912621359224,215,dados=fr2021+ext; valida só em E-farsas e Agência Brasil,2026-10-05 14:05,99.02912621359224,,63.39285714285714,
E8 números (fontes),TF-IDF dígitos mascarados | sem E-farsas/Agência Brasil no treino,80.10312004230566,81.17198335644937,64.28571428571429,98.05825242718448,215,dados=fr2021+ext; valida só em E-farsas e Agência Brasil,2026-10-05 14:05,98.05825242718448,,64.28571428571429,
E8 números (fontes),só números: categorias | sem Boatos.org/G1 no treino,48.13106908084419,55.93181448992852,76.17283950617283,35.69078947368421,2634,dados=fr2021+ext; valida só em Boatos.org e G1,2026-10-05 14:05,,76.17283950617283,,35.69078947368421
E8 números (fontes),TF-IDF [base] | sem Boatos.org/G1 no treino,80.43396669012432,81.73489278752437,79.25925925925927,84.21052631578947,2634,dados=fr2021+ext; valida só em Boatos.org e G1,2026-10-05 14:05,,79.25925925925927,,84.21052631578947
E8 números (fontes),TF-IDF + categorias (peso 0.3) | sem Boatos.org/G1 no treino,78.53182364830617,80.26823424301494,79.01234567901234,81.52412280701753,2634,dados=fr2021+ext; valida só em Boatos.org e G1,2026-10-05 14:05,,79.01234567901234,,81.52412280701753
E8 números (fontes),TF-IDF + categorias (peso 1) | sem Boatos.org/G1 no treino,78.53182364830617,80.26823424301494,79.01234567901234,81.52412280701753,2634,dados=fr2021+ext; valida só em Boatos.org e G1,2026-10-05 14:06,,79.01234567901234,,81.52412280701753
E8 números (fontes),TF-IDF dígitos mascarados | sem Boatos.org/G1 no treino,76.63804812780019,78.8840155945419,79.25925925925927,78.50877192982456,2634,dados=fr2021+ext; valida só em Boatos.org e G1,2026-10-05 14:06,,79.25925925925927,,78.50877192982456
E5 modelo,"word(1,2) C=1 [base]",90.46950240770468,89.71462655990406,83.75451263537906,95.67474048442908,855,dados=fr2021+ext; 4s,2026-10-05 14:10,96.7741935483871,87.24279835390946,58.82352941176471,95.61243144424132
E5 modelo,"word(1,2) C=0.1",90.31380990143876,90.01161730353641,85.5595667870036,94.4636678200692,855,dados=fr2021+ext; 4s,2026-10-05 14:10,96.7741935483871,88.88888888888889,61.76470588235294,94.3327239488117
E5 modelo,"word(1,2) C=0.3",90.52706552706552,89.99662723445716,84.83754512635379,95.15570934256056,855,dados=fr2021+ext; 4s,2026-10-05 14:10,96.7741935483871,88.06584362139918,61.76470588235294,95.06398537477148
E5 modelo,"word(1,2) C=3",89.60984969619443,88.72559429378038,81.94945848375451,95.50173010380622,855,dados=fr2021+ext; 4s,2026-10-05 14:10,96.7741935483871,86.0082304526749,52.94117647058824,95.42961608775136
E5 modelo,"word(1,2) sublinear",89.75719152973649,88.90609970894283,82.31046931407943,95.50173010380622,855,dados=fr2021+ext; 4s,2026-10-05 14:10,100.0,86.0082304526749,55.88235294117647,95.24680073126144
E5 modelo,"word(1,2) sem max_features, min_df=2",89.88327470418932,88.99260489925425,82.31046931407943,95.67474048442908,855,dados=fr2021+ext; 4s,2026-10-05 14:10,96.7741935483871,86.0082304526749,55.88235294117647,95.61243144424132
E5 modelo,"word(1,2) mantém maiúsculas",89.75719152973649,88.90609970894283,82.31046931407943,95.50173010380622,855,dados=fr2021+ext; 4s,2026-10-05 14:10,100.0,86.41975308641975,52.94117647058824,95.24680073126144
E5 modelo,"word(1,1)",89.44444444444444,88.92858481256167,83.39350180505414,94.4636678200692,855,dados=fr2021+ext; 2s,2026-10-05 14:10,96.7741935483871,86.41975308641975,61.76470588235294,94.3327239488117
E5 modelo,"char_wb(2,5)",91.4312984688805,90.69616379148812,85.1985559566787,96.19377162629758,855,dados=fr2021+ext; 17s,2026-10-05 14:11,100.0,88.47736625514403,61.76470588235294,95.97806215722122
E5 modelo,"word(1,2) + char_wb(2,5)",91.28640220132998,90.51565837632567,84.83754512635379,96.19377162629758,855,dados=fr2021+ext; 19s,2026-10-05 14:11,100.0,87.65432098765432,64.70588235294117,95.97806215722122
E5 modelo,"word(1,2) + char_wb(2,5) sem lowercase",92.24736528136806,91.49719560790976,86.28158844765343,96.7128027681661,855,dados=fr2021+ext; 19s,2026-10-05 14:11,100.0,90.12345679012346,58.82352941176471,96.52650822669104
E5 modelo,"LogReg word(1,2) C=10",90.07118711473454,89.36111076411876,83.39350180505414,95.32871972318338,855,dados=fr2021+ext; 4s,2026-10-05 14:11,96.7741935483871,86.83127572016461,58.82352941176471,95.24680073126144
E6 fontes,fr2021 | sem E-farsas/Agência Brasil no treino,76.8710619333026,77.85194174757282,62.5,93.20388349514565,215,valida só em E-farsas e Agência Brasil (treino+val),2026-10-05 14:12,93.20388349514565,,62.5,
E6 fontes,fr2021+ext | sem E-farsas/Agência Brasil no treino,80.05037115588547,81.21099167822469,63.39285714285714,99.02912621359224,215,valida só em E-farsas e Agência Brasil (treino+val),2026-10-05 14:12,99.02912621359224,,63.39285714285714,
E6 fontes,"fr2021+ext char_wb(2,5) | sem E-farsas/Agência Brasil no treino",80.19736842105263,81.09396671289875,66.07142857142857,96.11650485436894,215,valida só em E-farsas e Agência Brasil (treino+val),2026-10-05 14:12,96.11650485436894,,66.07142857142857,
E6 fontes,"fr2021+ext word(1,2) + char_wb(2,5) sem lowercase | sem E-farsas/Agência Brasil no treino",76.55189298671236,78.04698335644937,58.03571428571429,98.05825242718448,215,valida só em E-farsas e Agência Brasil (treino+val),2026-10-05 14:13,98.05825242718448,,58.03571428571429,
E6 fontes,fr2021 | sem Boatos.org/G1 no treino,75.6023789825717,77.9379873294347,78.51851851851852,77.35745614035088,2634,valida só em Boatos.org e G1 (treino+val),2026-10-05 14:13,,78.51851851851852,,77.35745614035088
E6 fontes,fr2021+ext | sem Boatos.org/G1 no treino,80.43396669012432,81.73489278752437,79.25925925925927,84.21052631578947,2634,valida só em Boatos.org e G1 (treino+val),2026-10-05 14:13,,79.25925925925927,,84.21052631578947
E6 fontes,"fr2021+ext char_wb(2,5) | sem Boatos.org/G1 no treino",82.98558959513672,83.64014782326186,79.50617283950618,87.77412280701753,2634,valida só em Boatos.org e G1 (treino+val),2026-10-05 14:13,,79.50617283950618,,87.77412280701753
E6 fontes,"fr2021+ext word(1,2) + char_wb(2,5) sem lowercase | sem Boatos.org/G1 no treino",81.81558297599253,83.38084795321637,82.22222222222221,84.53947368421053,2634,valida só em Boatos.org e G1 (treino+val),2026-10-05 14:13,,82.22222222222221,,84.53947368421053
E7 embeddings,emb multilingual-e5-small + LogReg C=0.3,89.2846662672552,90.18056787378362,89.53068592057761,90.83044982698962,855,dados=fr2021+ext; 322s,2026-10-05 14:19,100.0,93.4156378600823,61.76470588235294,90.31078610603292
E7 embeddings,emb multilingual-e5-small + LogReg C=1,89.74885592342822,89.86109202653243,86.64259927797833,93.07958477508652,855,dados=fr2021+ext; 323s,2026-10-05 14:19,100.0,90.12345679012346,61.76470588235294,92.6873857404022
E7 embeddings,emb multilingual-e5-small + LogReg C=3,90.45760428570756,90.19212271869888,85.92057761732852,94.4636678200692,855,dados=fr2021+ext; 323s,2026-10-05 14:19,100.0,89.30041152263375,61.76470588235294,94.14990859232176
E7 embeddings,emb multilingual-e5-small + LogReg C=10,91.76951810137908,91.33917529636616,87.00361010830325,95.67474048442908,855,dados=fr2021+ext; 323s,2026-10-05 14:19,100.0,90.53497942386832,61.76470588235294,95.42961608775136
E7 embeddings,emb paraphrase-multilingual-MiniLM-L12-v2 + LogReg C=0.3,83.79290299752313,83.41536232246136,76.17328519855594,90.65743944636678,855,dados=fr2021+ext; 344s,2026-10-05 14:25,96.7741935483871,81.06995884773663,41.17647058823529,90.31078610603292
E7 embeddings,emb paraphrase-multilingual-MiniLM-L12-v2 + LogReg C=1,85.81429475790148,84.79195033290445,75.81227436823104,93.77162629757784,855,dados=fr2021+ext; 344s,2026-10-05 14:25,100.0,80.24691358024691,44.11764705882353,93.41864716636198
E7 embeddings,emb paraphrase-multilingual-MiniLM-L12-v2 + LogReg C=3,86.11934900542495,85.15296116322936,76.53429602888086,93.77162629757784,855,dados=fr2021+ext; 345s,2026-10-05 14:25,100.0,81.06995884773663,44.11764705882353,93.41864716636198
E7 embeddings,emb paraphrase-multilingual-MiniLM-L12-v2 + LogReg C=10,87.01195862960569,85.85249772026033,76.89530685920577,94.80968858131487,855,dados=fr2021+ext; 345s,2026-10-05 14:25,100.0,81.89300411522635,41.17647058823529,94.51553930530164
